time,time step,concentration,inlet concentration,volume flow rate,inlet temperature,initial concentration
0,0,0,2.5625,0.532292,321.875,0
0.1,1,0.002333294,2.5625,0.532292,321.875,0
0.2,2,0.007317697,2.5625,0.532292,321.875,0
0.3,3,0.013249744,2.5625,0.532292,321.875,0
0.4,4,0.019522852,2.5625,0.532292,321.875,0
0.5,5,0.025726303,2.5625,0.532292,321.875,0
0.6,6,0.032061826,2.5625,0.532292,321.875,0
0.7,7,0.038765723,2.5625,0.532292,321.875,0
0.8,8,0.0452534,2.5625,0.532292,321.875,0
0.9,9,0.052028023,2.5625,0.532292,321.875,0
1,10,0.058820362,2.5625,0.532292,321.875,0
1.1,11,0.065499348,2.5625,0.532292,321.875,0
1.2,12,0.072268854,2.5625,0.532292,321.875,0
1.3,13,0.079148641,2.5625,0.532292,321.875,0
1.4,14,0.085768247,2.5625,0.532292,321.875,0
1.5,15,0.092396752,2.5625,0.532292,321.875,0
1.6,16,0.098983785,2.5625,0.532292,321.875,0
1.7,17,0.10557349,2.5625,0.532292,321.875,0
1.8,18,0.112234267,2.5625,0.532292,321.875,0
1.9,19,0.11887073,2.5625,0.532292,321.875,0
2,20,0.125489032,2.5625,0.532292,321.875,0
2.1,21,0.132243305,2.5625,0.532292,321.875,0
2.2,22,0.13900976,2.5625,0.532292,321.875,0
2.3,23,0.145565122,2.5625,0.532292,321.875,0
2.4,24,0.152200188,2.5625,0.532292,321.875,0
2.5,25,0.158886298,2.5625,0.532292,321.875,0
2.6,26,0.165544901,2.5625,0.532292,321.875,0
2.7,27,0.172194336,2.5625,0.532292,321.875,0
2.8,28,0.178799576,2.5625,0.532292,321.875,0
2.9,29,0.185366526,2.5625,0.532292,321.875,0
3,30,0.191921417,2.5625,0.532292,321.875,0
3.1,31,0.19845342,2.5625,0.532292,321.875,0
3.2,32,0.204961872,2.5625,0.532292,321.875,0
3.3,33,0.211423118,2.5625,0.532292,321.875,0
3.4,34,0.21791105,2.5625,0.532292,321.875,0
3.5,35,0.224360763,2.5625,0.532292,321.875,0
3.6,36,0.230737686,2.5625,0.532292,321.875,0
3.7,37,0.237170395,2.5625,0.532292,321.875,0
3.8,38,0.243552989,2.5625,0.532292,321.875,0
3.9,39,0.249908697,2.5625,0.532292,321.875,0
4,40,0.256190671,2.5625,0.532292,321.875,0
4.1,41,0.26253867,2.5625,0.532292,321.875,0
4.2,42,0.268843891,2.5625,0.532292,321.875,0
4.3,43,0.27510254,2.5625,0.532292,321.875,0
4.4,44,0.281387783,2.5625,0.532292,321.875,0
4.5,45,0.287640899,2.5625,0.532292,321.875,0
4.6,46,0.293848206,2.5625,0.532292,321.875,0
4.7,47,0.300063672,2.5625,0.532292,321.875,0
4.8,48,0.306248146,2.5625,0.532292,321.875,0
4.9,49,0.312365019,2.5625,0.532292,321.875,0
5,50,0.3185094,2.5625,0.532292,321.875,0
5.1,51,0.324623919,2.5625,0.532292,321.875,0
5.2,52,0.330696764,2.5625,0.532292,321.875,0
5.3,53,0.336777981,2.5625,0.532292,321.875,0
5.4,54,0.342831408,2.5625,0.532292,321.875,0
5.5,55,0.348836104,2.5625,0.532292,321.875,0
5.6,56,0.354849333,2.5625,0.532292,321.875,0
5.7,57,0.360834774,2.5625,0.532292,321.875,0
5.8,58,0.366781245,2.5625,0.532292,321.875,0
5.9,59,0.372726894,2.5625,0.532292,321.875,0
6,60,0.378643132,2.5625,0.532292,321.875,0
6.1,61,0.384513849,2.5625,0.532292,321.875,0
6.2,62,0.390391316,2.5625,0.532292,321.875,0
6.3,63,0.3962431,2.5625,0.532292,321.875,0
6.4,64,0.402051719,2.5625,0.532292,321.875,0
6.5,65,0.407777202,2.5625,0.532292,321.875,0
6.6,66,0.41338304,2.5625,0.532292,321.875,0
6.7,67,0.41896613,2.5625,0.532292,321.875,0
6.8,68,0.424537237,2.5625,0.532292,321.875,0
6.9,69,0.430097333,2.5625,0.532292,321.875,0
7,70,0.435721855,2.5625,0.532292,321.875,0
7.1,71,0.441352627,2.5625,0.532292,321.875,0
7.2,72,0.446860878,2.5625,0.532292,321.875,0
7.3,73,0.452349562,2.5625,0.532292,321.875,0
7.4,74,0.457819902,2.5625,0.532292,321.875,0
7.5,75,0.463377486,2.5625,0.532292,321.875,0
7.6,76,0.468913301,2.5625,0.532292,321.875,0
7.7,77,0.474443296,2.5625,0.532292,321.875,0
7.8,78,0.479938888,2.5625,0.532292,321.875,0
7.9,79,0.485404203,2.5625,0.532292,321.875,0
8,80,0.490851142,2.5625,0.532292,321.875,0
8.1,81,0.496288492,2.5625,0.532292,321.875,0
8.2,82,0.50158968,2.5625,0.532292,321.875,0
8.3,83,0.506979933,2.5625,0.532292,321.875,0
8.4,84,0.512319861,2.5625,0.532292,321.875,0
8.5,85,0.517674048,2.5625,0.532292,321.875,0
8.6,86,0.522900328,2.5625,0.532292,321.875,0
8.7,87,0.528176837,2.5625,0.532292,321.875,0
8.8,88,0.533437633,2.5625,0.532292,321.875,0
8.9,89,0.538698958,2.5625,0.532292,321.875,0
9,90,0.543961589,2.5625,0.532292,321.875,0
9.1,91,0.549193682,2.5625,0.532292,321.875,0
9.2,92,0.554396913,2.5625,0.532292,321.875,0
9.3,93,0.559605781,2.5625,0.532292,321.875,0
9.4,94,0.564798709,2.5625,0.532292,321.875,0
9.5,95,0.569970657,2.5625,0.532292,321.875,0
9.6,96,0.575122041,2.5625,0.532292,321.875,0
9.7,97,0.580254376,2.5625,0.532292,321.875,0
9.8,98,0.585367214,2.5625,0.532292,321.875,0
9.9,99,0.590459569,2.5625,0.532292,321.875,0
10,100,0.595531808,2.5625,0.532292,321.875,0
10.1,101,0.600584453,2.5625,0.532292,321.875,0
10.2,102,0.605617941,2.5625,0.532292,321.875,0
10.3,103,0.610610698,2.5625,0.532292,321.875,0
10.4,104,0.615605835,2.5625,0.532292,321.875,0
10.5,105,0.620560941,2.5625,0.532292,321.875,0
10.6,106,0.625471344,2.5625,0.532292,321.875,0
10.7,107,0.63039139,2.5625,0.532292,321.875,0
10.8,108,0.635309466,2.5625,0.532292,321.875,0
10.9,109,0.640212734,2.5625,0.532292,321.875,0
11,110,0.645087703,2.5625,0.532292,321.875,0
11.1,111,0.649930927,2.5625,0.532292,321.875,0
11.2,112,0.654749242,2.5625,0.532292,321.875,0
11.3,113,0.659573797,2.5625,0.532292,321.875,0
11.4,114,0.664384985,2.5625,0.532292,321.875,0
11.5,115,0.669168563,2.5625,0.532292,321.875,0
11.6,116,0.673915671,2.5625,0.532292,321.875,0
11.7,117,0.678658073,2.5625,0.532292,321.875,0
11.8,118,0.68335283,2.5625,0.532292,321.875,0
11.9,119,0.688027083,2.5625,0.532292,321.875,0
12,120,0.692684748,2.5625,0.532292,321.875,0
12.1,121,0.697341957,2.5625,0.532292,321.875,0
12.2,122,0.701987723,2.5625,0.532292,321.875,0
12.3,123,0.70659771,2.5625,0.532292,321.875,0
12.4,124,0.711186405,2.5625,0.532292,321.875,0
12.5,125,0.715774502,2.5625,0.532292,321.875,0
12.6,126,0.720351955,2.5625,0.532292,321.875,0
12.7,127,0.724893258,2.5625,0.532292,321.875,0
12.8,128,0.729428734,2.5625,0.532292,321.875,0
12.9,129,0.733965457,2.5625,0.532292,321.875,0
13,130,0.7384968,2.5625,0.532292,321.875,0
13.1,131,0.742970913,2.5625,0.532292,321.875,0
13.2,132,0.747438155,2.5625,0.532292,321.875,0
13.3,133,0.751913656,2.5625,0.532292,321.875,0
13.4,134,0.756368319,2.5625,0.532292,321.875,0
13.5,135,0.760774083,2.5625,0.532292,321.875,0
13.6,136,0.765158223,2.5625,0.532292,321.875,0
13.7,137,0.769526641,2.5625,0.532292,321.875,0
13.8,138,0.773879357,2.5625,0.532292,321.875,0
13.9,139,0.778216374,2.5625,0.532292,321.875,0
14,140,0.782551727,2.5625,0.532292,321.875,0
14.1,141,0.786886604,2.5625,0.532292,321.875,0
14.2,142,0.791177944,2.5625,0.532292,321.875,0
14.3,143,0.795448289,2.5625,0.532292,321.875,0
14.4,144,0.799702232,2.5625,0.532292,321.875,0
14.5,145,0.803941633,2.5625,0.532292,321.875,0
14.6,146,0.808165662,2.5625,0.532292,321.875,0
14.7,147,0.812374171,2.5625,0.532292,321.875,0
14.8,148,0.816567084,2.5625,0.532292,321.875,0
14.9,149,0.820744328,2.5625,0.532292,321.875,0
15,150,0.824925429,2.5625,0.532292,321.875,0
15.1,151,0.829075308,2.5625,0.532292,321.875,0
15.2,152,0.833230472,2.5625,0.532292,321.875,0
15.3,153,0.837364562,2.5625,0.532292,321.875,0
15.4,154,0.841502615,2.5625,0.532292,321.875,0
15.5,155,0.845625124,2.5625,0.532292,321.875,0
15.6,156,0.849696378,2.5625,0.532292,321.875,0
15.7,157,0.853747,2.5625,0.532292,321.875,0
15.8,158,0.857810667,2.5625,0.532292,321.875,0
15.9,159,0.861870441,2.5625,0.532292,321.875,0
16,160,0.865915438,2.5625,0.532292,321.875,0
16.1,161,0.86993717,2.5625,0.532292,321.875,0
16.2,162,0.873915359,2.5625,0.532292,321.875,0
16.3,163,0.877891968,2.5625,0.532292,321.875,0
16.4,164,0.881839213,2.5625,0.532292,321.875,0
16.5,165,0.885768731,2.5625,0.532292,321.875,0
16.6,166,0.889697691,2.5625,0.532292,321.875,0
16.7,167,0.893633012,2.5625,0.532292,321.875,0
16.8,168,0.897557577,2.5625,0.532292,321.875,0
16.9,169,0.901460111,2.5625,0.532292,321.875,0
17,170,0.905354172,2.5625,0.532292,321.875,0
17.1,171,0.909233298,2.5625,0.532292,321.875,0
17.2,172,0.913081924,2.5625,0.532292,321.875,0
17.3,173,0.916920576,2.5625,0.532292,321.875,0
17.4,174,0.920752614,2.5625,0.532292,321.875,0
17.5,175,0.924573391,2.5625,0.532292,321.875,0
17.6,176,0.928347632,2.5625,0.532292,321.875,0
17.7,177,0.932135917,2.5625,0.532292,321.875,0
17.8,178,0.935913761,2.5625,0.532292,321.875,0
17.9,179,0.939677257,2.5625,0.532292,321.875,0
18,180,0.943425895,2.5625,0.532292,321.875,0
18.1,181,0.947160498,2.5625,0.532292,321.875,0
18.2,182,0.950874285,2.5625,0.532292,321.875,0
18.3,183,0.954580163,2.5625,0.532292,321.875,0
18.4,184,0.958272437,2.5625,0.532292,321.875,0
18.5,185,0.961950927,2.5625,0.532292,321.875,0
18.6,186,0.96561529,2.5625,0.532292,321.875,0
18.7,187,0.969265919,2.5625,0.532292,321.875,0
18.8,188,0.972902975,2.5625,0.532292,321.875,0
18.9,189,0.976526346,2.5625,0.532292,321.875,0
19,190,0.980135707,2.5625,0.532292,321.875,0
19.1,191,0.983731498,2.5625,0.532292,321.875,0
19.2,192,0.98731344,2.5625,0.532292,321.875,0
19.3,193,0.990882049,2.5625,0.532292,321.875,0
19.4,194,0.994437126,2.5625,0.532292,321.875,0
19.5,195,0.997979131,2.5625,0.532292,321.875,0
19.6,196,1.001507807,2.5625,0.532292,321.875,0
19.7,197,1.005023575,2.5625,0.532292,321.875,0
19.8,198,1.008525754,2.5625,0.532292,321.875,0
19.9,199,1.012014876,2.5625,0.532292,321.875,0
20,200,1.015490715,2.5625,0.532292,321.875,0
20.1,201,1.018939561,2.5625,0.532292,321.875,0
20.2,202,1.022360301,2.5625,0.532292,321.875,0
20.3,203,1.025784595,2.5625,0.532292,321.875,0
20.4,204,1.029206567,2.5625,0.532292,321.875,0
20.5,205,1.032618964,2.5625,0.532292,321.875,0
20.6,206,1.03601845,2.5625,0.532292,321.875,0
20.7,207,1.039404135,2.5625,0.532292,321.875,0
20.8,208,1.042776779,2.5625,0.532292,321.875,0
20.9,209,1.046123747,2.5625,0.532292,321.875,0
21,210,1.049470989,2.5625,0.532292,321.875,0
21.1,211,1.052806337,2.5625,0.532292,321.875,0
21.2,212,1.05612907,2.5625,0.532292,321.875,0
21.3,213,1.059438988,2.5625,0.532292,321.875,0
21.4,214,1.062723742,2.5625,0.532292,321.875,0
21.5,215,1.065981708,2.5625,0.532292,321.875,0
21.6,216,1.069224472,2.5625,0.532292,321.875,0
21.7,217,1.072455971,2.5625,0.532292,321.875,0
21.8,218,1.075676759,2.5625,0.532292,321.875,0
21.9,219,1.078903944,2.5625,0.532292,321.875,0
22,220,1.082128258,2.5625,0.532292,321.875,0
22.1,221,1.085342841,2.5625,0.532292,321.875,0
22.2,222,1.088545084,2.5625,0.532292,321.875,0
22.3,223,1.091734771,2.5625,0.532292,321.875,0
22.4,224,1.094911739,2.5625,0.532292,321.875,0
22.5,225,1.098051466,2.5625,0.532292,321.875,0
22.6,226,1.101193333,2.5625,0.532292,321.875,0
22.7,227,1.104332485,2.5625,0.532292,321.875,0
22.8,228,1.107458332,2.5625,0.532292,321.875,0
22.9,229,1.11056542,2.5625,0.532292,321.875,0
23,230,1.113664412,2.5625,0.532292,321.875,0
23.1,231,1.116756909,2.5625,0.532292,321.875,0
23.2,232,1.119840349,2.5625,0.532292,321.875,0
23.3,233,1.122912097,2.5625,0.532292,321.875,0
23.4,234,1.125960842,2.5625,0.532292,321.875,0
23.5,235,1.129008818,2.5625,0.532292,321.875,0
23.6,236,1.132045852,2.5625,0.532292,321.875,0
23.7,237,1.135057323,2.5625,0.532292,321.875,0
23.8,238,1.138068822,2.5625,0.532292,321.875,0
23.9,239,1.14106096,2.5625,0.532292,321.875,0
24,240,1.144048591,2.5625,0.532292,321.875,0
24.1,241,1.147029626,2.5625,0.532292,321.875,0
24.2,242,1.149999609,2.5625,0.532292,321.875,0
24.3,243,1.152958122,2.5625,0.532292,321.875,0
24.4,244,1.155905007,2.5625,0.532292,321.875,0
24.5,245,1.158840808,2.5625,0.532292,321.875,0
24.6,246,1.16175504,2.5625,0.532292,321.875,0
24.7,247,1.164655618,2.5625,0.532292,321.875,0
24.8,248,1.167556334,2.5625,0.532292,321.875,0
24.9,249,1.170449305,2.5625,0.532292,321.875,0
25,250,1.173331474,2.5625,0.532292,321.875,0
25.1,251,1.176202771,2.5625,0.532292,321.875,0
25.2,252,1.179058623,2.5625,0.532292,321.875,0
25.3,253,1.18188659,2.5625,0.532292,321.875,0
25.4,254,1.184722297,2.5625,0.532292,321.875,0
25.5,255,1.187550795,2.5625,0.532292,321.875,0
25.6,256,1.190368891,2.5625,0.532292,321.875,0
25.7,257,1.193176329,2.5625,0.532292,321.875,0
25.8,258,1.19597347,2.5625,0.532292,321.875,0
25.9,259,1.198760201,2.5625,0.532292,321.875,0
26,260,1.20153644,2.5625,0.532292,321.875,0
26.1,261,1.204295785,2.5625,0.532292,321.875,0
26.2,262,1.207048719,2.5625,0.532292,321.875,0
26.3,263,1.209793611,2.5625,0.532292,321.875,0
26.4,264,1.212528303,2.5625,0.532292,321.875,0
26.5,265,1.215252452,2.5625,0.532292,321.875,0
26.6,266,1.217966376,2.5625,0.532292,321.875,0
26.7,267,1.220666251,2.5625,0.532292,321.875,0
26.8,268,1.22335997,2.5625,0.532292,321.875,0
26.9,269,1.22604406,2.5625,0.532292,321.875,0
27,270,1.228718196,2.5625,0.532292,321.875,0
27.1,271,1.231382523,2.5625,0.532292,321.875,0
27.2,272,1.234030803,2.5625,0.532292,321.875,0
27.3,273,1.236672575,2.5625,0.532292,321.875,0
27.4,274,1.239300928,2.5625,0.532292,321.875,0
27.5,275,1.241923481,2.5625,0.532292,321.875,0
27.6,276,1.244529727,2.5625,0.532292,321.875,0
27.7,277,1.247135011,2.5625,0.532292,321.875,0
27.8,278,1.249727431,2.5625,0.532292,321.875,0
27.9,279,1.25230504,2.5625,0.532292,321.875,0
28,280,1.254862623,2.5625,0.532292,321.875,0
28.1,281,1.257408153,2.5625,0.532292,321.875,0
28.2,282,1.259944614,2.5625,0.532292,321.875,0
28.3,283,1.262472418,2.5625,0.532292,321.875,0
28.4,284,1.264991116,2.5625,0.532292,321.875,0
28.5,285,1.267508062,2.5625,0.532292,321.875,0
28.6,286,1.270021488,2.5625,0.532292,321.875,0
28.7,287,1.272526039,2.5625,0.532292,321.875,0
28.8,288,1.275026463,2.5625,0.532292,321.875,0
28.9,289,1.277519442,2.5625,0.532292,321.875,0
29,290,1.280002842,2.5625,0.532292,321.875,0
29.1,291,1.28247658,2.5625,0.532292,321.875,0
29.2,292,1.284940989,2.5625,0.532292,321.875,0
29.3,293,1.287396074,2.5625,0.532292,321.875,0
29.4,294,1.289841804,2.5625,0.532292,321.875,0
29.5,295,1.292278194,2.5625,0.532292,321.875,0
29.6,296,1.294705522,2.5625,0.532292,321.875,0
29.7,297,1.297115727,2.5625,0.532292,321.875,0
29.8,298,1.299524626,2.5625,0.532292,321.875,0
29.9,299,1.301925016,2.5625,0.532292,321.875,0
30,300,1.304316224,2.5625,0.532292,321.875,0
30.1,301,1.306698359,2.5625,0.532292,321.875,0
30.2,302,1.309066909,2.5625,0.532292,321.875,0
30.3,303,1.31142978,2.5625,0.532292,321.875,0
30.4,304,1.313785939,2.5625,0.532292,321.875,0
30.5,305,1.316133425,2.5625,0.532292,321.875,0
30.6,306,1.318472301,2.5625,0.532292,321.875,0
30.7,307,1.320760966,2.5625,0.532292,321.875,0
30.8,308,1.323079169,2.5625,0.532292,321.875,0
30.9,309,1.325389894,2.5625,0.532292,321.875,0
31,310,1.327694883,2.5625,0.532292,321.875,0
31.1,311,1.329991316,2.5625,0.532292,321.875,0
31.2,312,1.332269664,2.5625,0.532292,321.875,0
31.3,313,1.334546016,2.5625,0.532292,321.875,0
31.4,314,1.336811571,2.5625,0.532292,321.875,0
31.5,315,1.339071582,2.5625,0.532292,321.875,0
31.6,316,1.341324933,2.5625,0.532292,321.875,0
31.7,317,1.343554759,2.5625,0.532292,321.875,0
31.8,318,1.345749455,2.5625,0.532292,321.875,0
31.9,319,1.347959638,2.5625,0.532292,321.875,0
32,320,1.350174235,2.5625,0.532292,321.875,0
32.1,321,1.352345443,2.5625,0.532292,321.875,0
32.2,322,1.354547356,2.5625,0.532292,321.875,0
32.3,323,1.356745476,2.5625,0.532292,321.875,0
32.4,324,1.358895914,2.5625,0.532292,321.875,0
32.5,325,1.361073855,2.5625,0.532292,321.875,0
32.6,326,1.363247546,2.5625,0.532292,321.875,0
32.7,327,1.365409693,2.5625,0.532292,321.875,0
32.8,328,1.36756635,2.5625,0.532292,321.875,0
32.9,329,1.369676325,2.5625,0.532292,321.875,0
33,330,1.371798725,2.5625,0.532292,321.875,0
33.1,331,1.373929212,2.5625,0.532292,321.875,0
33.2,332,1.376054133,2.5625,0.532292,321.875,0
33.3,333,1.378167028,2.5625,0.532292,321.875,0
33.4,334,1.380271063,2.5625,0.532292,321.875,0
33.5,335,1.382357859,2.5625,0.532292,321.875,0
33.6,336,1.384411418,2.5625,0.532292,321.875,0
33.7,337,1.386456431,2.5625,0.532292,321.875,0
33.8,338,1.388529103,2.5625,0.532292,321.875,0
33.9,339,1.390594269,2.5625,0.532292,321.875,0
34,340,1.392655317,2.5625,0.532292,321.875,0
34.1,341,1.394697936,2.5625,0.532292,321.875,0
34.2,342,1.396730233,2.5625,0.532292,321.875,0
34.3,343,1.398754934,2.5625,0.532292,321.875,0
34.4,344,1.400772238,2.5625,0.532292,321.875,0
34.5,345,1.402782204,2.5625,0.532292,321.875,0
34.6,346,1.404762725,2.5625,0.532292,321.875,0
34.7,347,1.406734469,2.5625,0.532292,321.875,0
34.8,348,1.408721878,2.5625,0.532292,321.875,0
34.9,349,1.410703706,2.5625,0.532292,321.875,0
35,350,1.412678279,2.5625,0.532292,321.875,0
35.1,351,1.414623155,2.5625,0.532292,321.875,0
35.2,352,1.416592046,2.5625,0.532292,321.875,0
35.3,353,1.418546965,2.5625,0.532292,321.875,0
35.4,354,1.420497927,2.5625,0.532292,321.875,0
35.5,355,1.422414535,2.5625,0.532292,321.875,0
35.6,356,1.424349398,2.5625,0.532292,321.875,0
35.7,357,1.42627415,2.5625,0.532292,321.875,0
35.8,358,1.428191424,2.5625,0.532292,321.875,0
35.9,359,1.430101473,2.5625,0.532292,321.875,0
36,360,1.432004235,2.5625,0.532292,321.875,0
36.1,361,1.43390881,2.5625,0.532292,321.875,0
36.2,362,1.435798117,2.5625,0.532292,321.875,0
36.3,363,1.437679954,2.5625,0.532292,321.875,0
36.4,364,1.439554762,2.5625,0.532292,321.875,0
36.5,365,1.441422678,2.5625,0.532292,321.875,0
36.6,366,1.443288784,2.5625,0.532292,321.875,0
36.7,367,1.445122645,2.5625,0.532292,321.875,0
36.8,368,1.446948245,2.5625,0.532292,321.875,0
36.9,369,1.448768132,2.5625,0.532292,321.875,0
37,370,1.45058185,2.5625,0.532292,321.875,0
37.1,371,1.45238995,2.5625,0.532292,321.875,0
37.2,372,1.454221121,2.5625,0.532292,321.875,0
37.3,373,1.456019326,2.5625,0.532292,321.875,0
37.4,374,1.457806854,2.5625,0.532292,321.875,0
37.5,375,1.459588318,2.5625,0.532292,321.875,0
37.6,376,1.461363294,2.5625,0.532292,321.875,0
37.7,377,1.463132325,2.5625,0.532292,321.875,0
37.8,378,1.464887736,2.5625,0.532292,321.875,0
37.9,379,1.466445372,2.5625,0.532292,321.875,0
38,380,1.467986219,2.5625,0.532292,321.875,0
38.1,381,1.469527696,2.5625,0.532292,321.875,0
38.2,382,1.471062398,2.5625,0.532292,321.875,0
38.3,383,1.472595593,2.5625,0.532292,321.875,0
38.4,384,1.47412507,2.5625,0.532292,321.875,0
38.5,385,1.475650518,2.5625,0.532292,321.875,0
38.6,386,1.477172787,2.5625,0.532292,321.875,0
38.7,387,1.478691269,2.5625,0.532292,321.875,0
38.8,388,1.480106095,2.5625,0.532292,321.875,0
38.9,389,1.48151163,2.5625,0.532292,321.875,0
39,390,1.482912638,2.5625,0.532292,321.875,0
39.1,391,1.484310165,2.5625,0.532292,321.875,0
39.2,392,1.485703364,2.5625,0.532292,321.875,0
39.3,393,1.487092748,2.5625,0.532292,321.875,0
39.4,394,1.488477408,2.5625,0.532292,321.875,0
39.5,395,1.489858689,2.5625,0.532292,321.875,0
39.6,396,1.491334767,2.5625,0.532292,321.875,0
39.7,397,1.49281244,2.5625,0.532292,321.875,0
39.8,398,1.494286217,2.5625,0.532292,321.875,0
39.9,399,1.495755323,2.5625,0.532292,321.875,0
40,400,1.497220181,2.5625,0.532292,321.875,0
40.1,401,1.498680154,2.5625,0.532292,321.875,0
40.2,402,1.500135048,2.5625,0.532292,321.875,0
40.3,403,1.501585332,2.5625,0.532292,321.875,0
40.4,404,1.503032159,2.5625,0.532292,321.875,0
40.5,405,1.504474407,2.5625,0.532292,321.875,0
40.6,406,1.505911662,2.5625,0.532292,321.875,0
40.7,407,1.507344436,2.5625,0.532292,321.875,0
40.8,408,1.508773416,2.5625,0.532292,321.875,0
40.9,409,1.510198633,2.5625,0.532292,321.875,0
41,410,1.511619234,2.5625,0.532292,321.875,0
41.1,411,1.513035952,2.5625,0.532292,321.875,0
41.2,412,1.514447122,2.5625,0.532292,321.875,0
41.3,413,1.515853449,2.5625,0.532292,321.875,0
41.4,414,1.517254632,2.5625,0.532292,321.875,0
41.5,415,1.518651567,2.5625,0.532292,321.875,0
41.6,416,1.520043781,2.5625,0.532292,321.875,0
41.7,417,1.521432536,2.5625,0.532292,321.875,0
41.8,418,1.522816583,2.5625,0.532292,321.875,0
41.9,419,1.524192964,2.5625,0.532292,321.875,0
42,420,1.525566255,2.5625,0.532292,321.875,0
42.1,421,1.526933548,2.5625,0.532292,321.875,0
42.2,422,1.52829788,2.5625,0.532292,321.875,0
42.3,423,1.529659383,2.5625,0.532292,321.875,0
42.4,424,1.531017028,2.5625,0.532292,321.875,0
42.5,425,1.532370242,2.5625,0.532292,321.875,0
42.6,426,1.533719299,2.5625,0.532292,321.875,0
42.7,427,1.535065369,2.5625,0.532292,321.875,0
42.8,428,1.536406673,2.5625,0.532292,321.875,0
42.9,429,1.537743266,2.5625,0.532292,321.875,0
43,430,1.539074756,2.5625,0.532292,321.875,0
43.1,431,1.54040252,2.5625,0.532292,321.875,0
43.2,432,1.541725099,2.5625,0.532292,321.875,0
43.3,433,1.542955817,2.5625,0.532292,321.875,0
43.4,434,1.544178056,2.5625,0.532292,321.875,0
43.5,435,1.54539567,2.5625,0.532292,321.875,0
43.6,436,1.546609527,2.5625,0.532292,321.875,0
43.7,437,1.547906035,2.5625,0.532292,321.875,0
43.8,438,1.549201512,2.5625,0.532292,321.875,0
43.9,439,1.550494908,2.5625,0.532292,321.875,0
44,440,1.551784686,2.5625,0.532292,321.875,0
44.1,441,1.553070249,2.5625,0.532292,321.875,0
44.2,442,1.554352713,2.5625,0.532292,321.875,0
44.3,443,1.555629536,2.5625,0.532292,321.875,0
44.4,444,1.556901384,2.5625,0.532292,321.875,0
44.5,445,1.558169353,2.5625,0.532292,321.875,0
44.6,446,1.559434125,2.5625,0.532292,321.875,0
44.7,447,1.560697271,2.5625,0.532292,321.875,0
44.8,448,1.56195654,2.5625,0.532292,321.875,0
44.9,449,1.563211575,2.5625,0.532292,321.875,0
45,450,1.564462089,2.5625,0.532292,321.875,0
45.1,451,1.565708689,2.5625,0.532292,321.875,0
45.2,452,1.566950593,2.5625,0.532292,321.875,0
45.3,453,1.568189648,2.5625,0.532292,321.875,0
45.4,454,1.569424358,2.5625,0.532292,321.875,0
45.5,455,1.570654984,2.5625,0.532292,321.875,0
45.6,456,1.571880101,2.5625,0.532292,321.875,0
45.7,457,1.573101763,2.5625,0.532292,321.875,0
45.8,458,1.574318715,2.5625,0.532292,321.875,0
45.9,459,1.575530865,2.5625,0.532292,321.875,0
46,460,1.576739043,2.5625,0.532292,321.875,0
46.1,461,1.577943688,2.5625,0.532292,321.875,0
46.2,462,1.579146337,2.5625,0.532292,321.875,0
46.3,463,1.580345601,2.5625,0.532292,321.875,0
46.4,464,1.581540823,2.5625,0.532292,321.875,0
46.5,465,1.582730042,2.5625,0.532292,321.875,0
46.6,466,1.58391526,2.5625,0.532292,321.875,0
46.7,467,1.585096737,2.5625,0.532292,321.875,0
46.8,468,1.586272656,2.5625,0.532292,321.875,0
46.9,469,1.587443296,2.5625,0.532292,321.875,0
47,470,1.58861012,2.5625,0.532292,321.875,0
47.1,471,1.589774105,2.5625,0.532292,321.875,0
47.2,472,1.590934533,2.5625,0.532292,321.875,0
47.3,473,1.592091676,2.5625,0.532292,321.875,0
47.4,474,1.59324489,2.5625,0.532292,321.875,0
47.5,475,1.594396102,2.5625,0.532292,321.875,0
47.6,476,1.595543751,2.5625,0.532292,321.875,0
47.7,477,1.596687613,2.5625,0.532292,321.875,0
47.8,478,1.597828616,2.5625,0.532292,321.875,0
47.9,479,1.598965446,2.5625,0.532292,321.875,0
48,480,1.600025422,2.5625,0.532292,321.875,0
48.1,481,1.601077918,2.5625,0.532292,321.875,0
48.2,482,1.602125578,2.5625,0.532292,321.875,0
48.3,483,1.603243547,2.5625,0.532292,321.875,0
48.4,484,1.60436117,2.5625,0.532292,321.875,0
48.5,485,1.605475477,2.5625,0.532292,321.875,0
48.6,486,1.606585354,2.5625,0.532292,321.875,0
48.7,487,1.607692586,2.5625,0.532292,321.875,0
48.8,488,1.608796375,2.5625,0.532292,321.875,0
48.9,489,1.609896711,2.5625,0.532292,321.875,0
49,490,1.610993846,2.5625,0.532292,321.875,0
49.1,491,1.612087992,2.5625,0.532292,321.875,0
49.2,492,1.613177684,2.5625,0.532292,321.875,0
49.3,493,1.614263552,2.5625,0.532292,321.875,0
49.4,494,1.615344576,2.5625,0.532292,321.875,0
49.5,495,1.616421647,2.5625,0.532292,321.875,0
49.6,496,1.61749653,2.5625,0.532292,321.875,0
49.7,497,1.618568671,2.5625,0.532292,321.875,0
49.8,498,1.619635846,2.5625,0.532292,321.875,0
49.9,499,1.620700616,2.5625,0.532292,321.875,0
50,500,1.621761852,2.5625,0.532292,321.875,0
50.1,501,1.622820341,2.5625,0.532292,321.875,0
50.2,502,1.623808345,2.5625,0.532292,321.875,0
50.3,503,1.624789807,2.5625,0.532292,321.875,0
50.4,504,1.625767967,2.5625,0.532292,321.875,0
50.5,505,1.626742707,2.5625,0.532292,321.875,0
50.6,506,1.627714904,2.5625,0.532292,321.875,0
50.7,507,1.62875035,2.5625,0.532292,321.875,0
50.8,508,1.629720316,2.5625,0.532292,321.875,0
50.9,509,1.630683585,2.5625,0.532292,321.875,0
51,510,1.631643133,2.5625,0.532292,321.875,0
51.1,511,1.632599399,2.5625,0.532292,321.875,0
51.2,512,1.633618718,2.5625,0.532292,321.875,0
51.3,513,1.634638804,2.5625,0.532292,321.875,0
51.4,514,1.63565684,2.5625,0.532292,321.875,0
51.5,515,1.636671391,2.5625,0.532292,321.875,0
51.6,516,1.637682634,2.5625,0.532292,321.875,0
51.7,517,1.638688554,2.5625,0.532292,321.875,0
51.8,518,1.639691945,2.5625,0.532292,321.875,0
51.9,519,1.640693263,2.5625,0.532292,321.875,0
52,520,1.641691725,2.5625,0.532292,321.875,0
52.1,521,1.642687565,2.5625,0.532292,321.875,0
52.2,522,1.643679869,2.5625,0.532292,321.875,0
52.3,523,1.64466902,2.5625,0.532292,321.875,0
52.4,524,1.64565485,2.5625,0.532292,321.875,0
52.5,525,1.646637043,2.5625,0.532292,321.875,0
52.6,526,1.647615009,2.5625,0.532292,321.875,0
52.7,527,1.648589527,2.5625,0.532292,321.875,0
52.8,528,1.649560552,2.5625,0.532292,321.875,0
52.9,529,1.65052848,2.5625,0.532292,321.875,0
53,530,1.651495093,2.5625,0.532292,321.875,0
53.1,531,1.652457873,2.5625,0.532292,321.875,0
53.2,532,1.653417533,2.5625,0.532292,321.875,0
53.3,533,1.654373806,2.5625,0.532292,321.875,0
53.4,534,1.65532629,2.5625,0.532292,321.875,0
53.5,535,1.656276777,2.5625,0.532292,321.875,0
53.6,536,1.657225362,2.5625,0.532292,321.875,0
53.7,537,1.658170077,2.5625,0.532292,321.875,0
53.8,538,1.659111602,2.5625,0.532292,321.875,0
53.9,539,1.6600503,2.5625,0.532292,321.875,0
54,540,1.660986155,2.5625,0.532292,321.875,0
54.1,541,1.661918762,2.5625,0.532292,321.875,0
54.2,542,1.662848248,2.5625,0.532292,321.875,0
54.3,543,1.663775314,2.5625,0.532292,321.875,0
54.4,544,1.664640445,2.5625,0.532292,321.875,0
54.5,545,1.665499249,2.5625,0.532292,321.875,0
54.6,546,1.66635474,2.5625,0.532292,321.875,0
54.7,547,1.667268034,2.5625,0.532292,321.875,0
54.8,548,1.668180494,2.5625,0.532292,321.875,0
54.9,549,1.669090218,2.5625,0.532292,321.875,0
55,550,1.669996336,2.5625,0.532292,321.875,0
55.1,551,1.670899717,2.5625,0.532292,321.875,0
55.2,552,1.671742854,2.5625,0.532292,321.875,0
55.3,553,1.672579874,2.5625,0.532292,321.875,0
55.4,554,1.673413112,2.5625,0.532292,321.875,0
55.5,555,1.674243926,2.5625,0.532292,321.875,0
55.6,556,1.675072251,2.5625,0.532292,321.875,0
55.7,557,1.675955846,2.5625,0.532292,321.875,0
55.8,558,1.676838872,2.5625,0.532292,321.875,0
55.9,559,1.677719132,2.5625,0.532292,321.875,0
56,560,1.678596726,2.5625,0.532292,321.875,0
56.1,561,1.679472713,2.5625,0.532292,321.875,0
56.2,562,1.680345877,2.5625,0.532292,321.875,0
56.3,563,1.681215282,2.5625,0.532292,321.875,0
56.4,564,1.682081773,2.5625,0.532292,321.875,0
56.5,565,1.682946345,2.5625,0.532292,321.875,0
56.6,566,1.683807293,2.5625,0.532292,321.875,0
56.7,567,1.684666033,2.5625,0.532292,321.875,0
56.8,568,1.685522515,2.5625,0.532292,321.875,0
56.9,569,1.686377202,2.5625,0.532292,321.875,0
57,570,1.687228774,2.5625,0.532292,321.875,0
57.1,571,1.688077423,2.5625,0.532292,321.875,0
57.2,572,1.688923507,2.5625,0.532292,321.875,0
57.3,573,1.689766806,2.5625,0.532292,321.875,0
57.4,574,1.690552994,2.5625,0.532292,321.875,0
57.5,575,1.691386925,2.5625,0.532292,321.875,0
57.6,576,1.692220745,2.5625,0.532292,321.875,0
57.7,577,1.693052567,2.5625,0.532292,321.875,0
57.8,578,1.6938819,2.5625,0.532292,321.875,0
57.9,579,1.69470758,2.5625,0.532292,321.875,0
58,580,1.695529693,2.5625,0.532292,321.875,0
58.1,581,1.696349232,2.5625,0.532292,321.875,0
58.2,582,1.69716507,2.5625,0.532292,321.875,0
58.3,583,1.697978427,2.5625,0.532292,321.875,0
58.4,584,1.698789425,2.5625,0.532292,321.875,0
58.5,585,1.699598156,2.5625,0.532292,321.875,0
58.6,586,1.700404291,2.5625,0.532292,321.875,0
58.7,587,1.701157339,2.5625,0.532292,321.875,0
58.8,588,1.701904818,2.5625,0.532292,321.875,0
58.9,589,1.702701136,2.5625,0.532292,321.875,0
59,590,1.703497619,2.5625,0.532292,321.875,0
59.1,591,1.704292789,2.5625,0.532292,321.875,0
59.2,592,1.705085482,2.5625,0.532292,321.875,0
59.3,593,1.70587576,2.5625,0.532292,321.875,0
59.4,594,1.706613441,2.5625,0.532292,321.875,0
59.5,595,1.707345878,2.5625,0.532292,321.875,0
59.6,596,1.708125134,2.5625,0.532292,321.875,0
59.7,597,1.708904824,2.5625,0.532292,321.875,0
59.8,598,1.709682954,2.5625,0.532292,321.875,0
59.9,599,1.710458922,2.5625,0.532292,321.875,0
60,600,1.711232563,2.5625,0.532292,321.875,0
60.1,601,1.712003747,2.5625,0.532292,321.875,0
60.2,602,1.712772446,2.5625,0.532292,321.875,0
60.3,603,1.713537597,2.5625,0.532292,321.875,0
60.4,604,1.714300142,2.5625,0.532292,321.875,0
60.5,605,1.715060317,2.5625,0.532292,321.875,0
60.6,606,1.71581814,2.5625,0.532292,321.875,0
60.7,607,1.716573618,2.5625,0.532292,321.875,0
60.8,608,1.717326812,2.5625,0.532292,321.875,0
60.9,609,1.718077668,2.5625,0.532292,321.875,0
61,610,1.718826028,2.5625,0.532292,321.875,0
61.1,611,1.719571783,2.5625,0.532292,321.875,0
61.2,612,1.720315216,2.5625,0.532292,321.875,0
61.3,613,1.72105601,2.5625,0.532292,321.875,0
61.4,614,1.721793546,2.5625,0.532292,321.875,0
61.5,615,1.722528131,2.5625,0.532292,321.875,0
61.6,616,1.723261555,2.5625,0.532292,321.875,0
61.7,617,1.723992867,2.5625,0.532292,321.875,0
61.8,618,1.724722037,2.5625,0.532292,321.875,0
61.9,619,1.725448819,2.5625,0.532292,321.875,0
62,620,1.726173584,2.5625,0.532292,321.875,0
62.1,621,1.726895664,2.5625,0.532292,321.875,0
62.2,622,1.727615509,2.5625,0.532292,321.875,0
62.3,623,1.728333727,2.5625,0.532292,321.875,0
62.4,624,1.729049568,2.5625,0.532292,321.875,0
62.5,625,1.72976326,2.5625,0.532292,321.875,0
62.6,626,1.730474362,2.5625,0.532292,321.875,0
62.7,627,1.73118248,2.5625,0.532292,321.875,0
62.8,628,1.731888623,2.5625,0.532292,321.875,0
62.9,629,1.732592645,2.5625,0.532292,321.875,0
63,630,1.733293408,2.5625,0.532292,321.875,0
63.1,631,1.7339926,2.5625,0.532292,321.875,0
63.2,632,1.734689402,2.5625,0.532292,321.875,0
63.3,633,1.735384082,2.5625,0.532292,321.875,0
63.4,634,1.736032748,2.5625,0.532292,321.875,0
63.5,635,1.736676289,2.5625,0.532292,321.875,0
63.6,636,1.737317266,2.5625,0.532292,321.875,0
63.7,637,1.737956196,2.5625,0.532292,321.875,0
63.8,638,1.738635599,2.5625,0.532292,321.875,0
63.9,639,1.739315741,2.5625,0.532292,321.875,0
64,640,1.739952431,2.5625,0.532292,321.875,0
64.1,641,1.740585183,2.5625,0.532292,321.875,0
64.2,642,1.741215697,2.5625,0.532292,321.875,0
64.3,643,1.741844187,2.5625,0.532292,321.875,0
64.4,644,1.742470761,2.5625,0.532292,321.875,0
64.5,645,1.743095411,2.5625,0.532292,321.875,0
64.6,646,1.743718472,2.5625,0.532292,321.875,0
64.7,647,1.744339506,2.5625,0.532292,321.875,0
64.8,648,1.744958263,2.5625,0.532292,321.875,0
64.9,649,1.745616342,2.5625,0.532292,321.875,0
65,650,1.746274899,2.5625,0.532292,321.875,0
65.1,651,1.746932153,2.5625,0.532292,321.875,0
65.2,652,1.747586944,2.5625,0.532292,321.875,0
65.3,653,1.748239304,2.5625,0.532292,321.875,0
65.4,654,1.748849543,2.5625,0.532292,321.875,0
65.5,655,1.749455424,2.5625,0.532292,321.875,0
65.6,656,1.750058628,2.5625,0.532292,321.875,0
65.7,657,1.75070007,2.5625,0.532292,321.875,0
65.8,658,1.751341657,2.5625,0.532292,321.875,0
65.9,659,1.751982316,2.5625,0.532292,321.875,0
66,660,1.752621557,2.5625,0.532292,321.875,0
66.1,661,1.75325795,2.5625,0.532292,321.875,0
66.2,662,1.753891469,2.5625,0.532292,321.875,0
66.3,663,1.754522744,2.5625,0.532292,321.875,0
66.4,664,1.755152927,2.5625,0.532292,321.875,0
66.5,665,1.755741722,2.5625,0.532292,321.875,0
66.6,666,1.756326646,2.5625,0.532292,321.875,0
66.7,667,1.756949708,2.5625,0.532292,321.875,0
66.8,668,1.757573135,2.5625,0.532292,321.875,0
66.9,669,1.758194873,2.5625,0.532292,321.875,0
67,670,1.758814463,2.5625,0.532292,321.875,0
67.1,671,1.759432082,2.5625,0.532292,321.875,0
67.2,672,1.760046805,2.5625,0.532292,321.875,0
67.3,673,1.760659593,2.5625,0.532292,321.875,0
67.4,674,1.761270019,2.5625,0.532292,321.875,0
67.5,675,1.76187922,2.5625,0.532292,321.875,0
67.6,676,1.762486575,2.5625,0.532292,321.875,0
67.7,677,1.763090945,2.5625,0.532292,321.875,0
67.8,678,1.76369339,2.5625,0.532292,321.875,0
67.9,679,1.764293499,2.5625,0.532292,321.875,0
68,680,1.764891768,2.5625,0.532292,321.875,0
68.1,681,1.765488055,2.5625,0.532292,321.875,0
68.2,682,1.766082464,2.5625,0.532292,321.875,0
68.3,683,1.766674605,2.5625,0.532292,321.875,0
68.4,684,1.767264608,2.5625,0.532292,321.875,0
68.5,685,1.767852506,2.5625,0.532292,321.875,0
68.6,686,1.768403065,2.5625,0.532292,321.875,0
68.7,687,1.768949736,2.5625,0.532292,321.875,0
68.8,688,1.769494362,2.5625,0.532292,321.875,0
68.9,689,1.770037241,2.5625,0.532292,321.875,0
69,690,1.770615419,2.5625,0.532292,321.875,0
69.1,691,1.771193828,2.5625,0.532292,321.875,0
69.2,692,1.771770821,2.5625,0.532292,321.875,0
69.3,693,1.772346201,2.5625,0.532292,321.875,0
69.4,694,1.772919649,2.5625,0.532292,321.875,0
69.5,695,1.773491241,2.5625,0.532292,321.875,0
69.6,696,1.774061073,2.5625,0.532292,321.875,0
69.7,697,1.774628993,2.5625,0.532292,321.875,0
69.8,698,1.775194907,2.5625,0.532292,321.875,0
69.9,699,1.775759118,2.5625,0.532292,321.875,0
70,700,1.7763218,2.5625,0.532292,321.875,0
70.1,701,1.776882383,2.5625,0.532292,321.875,0
70.2,702,1.77744106,2.5625,0.532292,321.875,0
70.3,703,1.777997565,2.5625,0.532292,321.875,0
70.4,704,1.778552002,2.5625,0.532292,321.875,0
70.5,705,1.779104984,2.5625,0.532292,321.875,0
70.6,706,1.779656905,2.5625,0.532292,321.875,0
70.7,707,1.780206709,2.5625,0.532292,321.875,0
70.8,708,1.780755692,2.5625,0.532292,321.875,0
70.9,709,1.781302656,2.5625,0.532292,321.875,0
71,710,1.781847659,2.5625,0.532292,321.875,0
71.1,711,1.782391211,2.5625,0.532292,321.875,0
71.2,712,1.782932622,2.5625,0.532292,321.875,0
71.3,713,1.783472359,2.5625,0.532292,321.875,0
71.4,714,1.784010321,2.5625,0.532292,321.875,0
71.5,715,1.784546997,2.5625,0.532292,321.875,0
71.6,716,1.785081681,2.5625,0.532292,321.875,0
71.7,717,1.785614599,2.5625,0.532292,321.875,0
71.8,718,1.786111858,2.5625,0.532292,321.875,0
71.9,719,1.786638307,2.5625,0.532292,321.875,0
72,720,1.787164305,2.5625,0.532292,321.875,0
72.1,721,1.787689016,2.5625,0.532292,321.875,0
72.2,722,1.788212133,2.5625,0.532292,321.875,0
72.3,723,1.788734094,2.5625,0.532292,321.875,0
72.4,724,1.789254063,2.5625,0.532292,321.875,0
72.5,725,1.789772169,2.5625,0.532292,321.875,0
72.6,726,1.790288478,2.5625,0.532292,321.875,0
72.7,727,1.790802757,2.5625,0.532292,321.875,0
72.8,728,1.791315439,2.5625,0.532292,321.875,0
72.9,729,1.791826297,2.5625,0.532292,321.875,0
73,730,1.79233506,2.5625,0.532292,321.875,0
73.1,731,1.792842185,2.5625,0.532292,321.875,0
73.2,732,1.79334842,2.5625,0.532292,321.875,0
73.3,733,1.79385304,2.5625,0.532292,321.875,0
73.4,734,1.794355734,2.5625,0.532292,321.875,0
73.5,735,1.794856927,2.5625,0.532292,321.875,0
73.6,736,1.795356231,2.5625,0.532292,321.875,0
73.7,737,1.795854083,2.5625,0.532292,321.875,0
73.8,738,1.796351089,2.5625,0.532292,321.875,0
73.9,739,1.796846348,2.5625,0.532292,321.875,0
74,740,1.79733983,2.5625,0.532292,321.875,0
74.1,741,1.797831352,2.5625,0.532292,321.875,0
74.2,742,1.798321337,2.5625,0.532292,321.875,0
74.3,743,1.798809627,2.5625,0.532292,321.875,0
74.4,744,1.799295999,2.5625,0.532292,321.875,0
74.5,745,1.799780917,2.5625,0.532292,321.875,0
74.6,746,1.800264757,2.5625,0.532292,321.875,0
74.7,747,1.800746953,2.5625,0.532292,321.875,0
74.8,748,1.80119835,2.5625,0.532292,321.875,0
74.9,749,1.801646458,2.5625,0.532292,321.875,0
75,750,1.802092678,2.5625,0.532292,321.875,0
75.1,751,1.802537516,2.5625,0.532292,321.875,0
75.2,752,1.802981256,2.5625,0.532292,321.875,0
75.3,753,1.803423689,2.5625,0.532292,321.875,0
75.4,754,1.803864814,2.5625,0.532292,321.875,0
75.5,755,1.804304705,2.5625,0.532292,321.875,0
75.6,756,1.804743208,2.5625,0.532292,321.875,0
75.7,757,1.805180479,2.5625,0.532292,321.875,0
75.8,758,1.805616432,2.5625,0.532292,321.875,0
75.9,759,1.80607976,2.5625,0.532292,321.875,0
76,760,1.80654342,2.5625,0.532292,321.875,0
76.1,761,1.807006018,2.5625,0.532292,321.875,0
76.2,762,1.807467459,2.5625,0.532292,321.875,0
76.3,763,1.807927359,2.5625,0.532292,321.875,0
76.4,764,1.808385747,2.5625,0.532292,321.875,0
76.5,765,1.808841941,2.5625,0.532292,321.875,0
76.6,766,1.80926838,2.5625,0.532292,321.875,0
76.7,767,1.8096918,2.5625,0.532292,321.875,0
76.8,768,1.810113699,2.5625,0.532292,321.875,0
76.9,769,1.810534501,2.5625,0.532292,321.875,0
77,770,1.810982483,2.5625,0.532292,321.875,0
77.1,771,1.811431057,2.5625,0.532292,321.875,0
77.2,772,1.811878104,2.5625,0.532292,321.875,0
77.3,773,1.81232335,2.5625,0.532292,321.875,0
77.4,774,1.812767205,2.5625,0.532292,321.875,0
77.5,775,1.813209818,2.5625,0.532292,321.875,0
77.6,776,1.813651022,2.5625,0.532292,321.875,0
77.7,777,1.814090693,2.5625,0.532292,321.875,0
77.8,778,1.814528993,2.5625,0.532292,321.875,0
77.9,779,1.814965748,2.5625,0.532292,321.875,0
78,780,1.815400415,2.5625,0.532292,321.875,0
78.1,781,1.815834202,2.5625,0.532292,321.875,0
78.2,782,1.816266643,2.5625,0.532292,321.875,0
78.3,783,1.816697956,2.5625,0.532292,321.875,0
78.4,784,1.817127784,2.5625,0.532292,321.875,0
78.5,785,1.817556351,2.5625,0.532292,321.875,0
78.6,786,1.817983462,2.5625,0.532292,321.875,0
78.7,787,1.818409313,2.5625,0.532292,321.875,0
78.8,788,1.818833664,2.5625,0.532292,321.875,0
78.9,789,1.819256608,2.5625,0.532292,321.875,0
79,790,1.819678332,2.5625,0.532292,321.875,0
79.1,791,1.820098623,2.5625,0.532292,321.875,0
79.2,792,1.820517043,2.5625,0.532292,321.875,0
79.3,793,1.82093439,2.5625,0.532292,321.875,0
79.4,794,1.821350126,2.5625,0.532292,321.875,0
79.5,795,1.821763995,2.5625,0.532292,321.875,0
79.6,796,1.822177036,2.5625,0.532292,321.875,0
79.7,797,1.822588897,2.5625,0.532292,321.875,0
79.8,798,1.822999547,2.5625,0.532292,321.875,0
79.9,799,1.823408798,2.5625,0.532292,321.875,0
80,800,1.823816904,2.5625,0.532292,321.875,0
80.1,801,1.824223583,2.5625,0.532292,321.875,0
80.2,802,1.82462895,2.5625,0.532292,321.875,0
80.3,803,1.825008237,2.5625,0.532292,321.875,0
80.4,804,1.825384642,2.5625,0.532292,321.875,0
80.5,805,1.825759392,2.5625,0.532292,321.875,0
80.6,806,1.826133159,2.5625,0.532292,321.875,0
80.7,807,1.826505494,2.5625,0.532292,321.875,0
80.8,808,1.826876725,2.5625,0.532292,321.875,0
80.9,809,1.827246799,2.5625,0.532292,321.875,0
81,810,1.827615991,2.5625,0.532292,321.875,0
81.1,811,1.827983956,2.5625,0.532292,321.875,0
81.2,812,1.828351096,2.5625,0.532292,321.875,0
81.3,813,1.828716876,2.5625,0.532292,321.875,0
81.4,814,1.829081584,2.5625,0.532292,321.875,0
81.5,815,1.829445096,2.5625,0.532292,321.875,0
81.6,816,1.829807591,2.5625,0.532292,321.875,0
81.7,817,1.830168917,2.5625,0.532292,321.875,0
81.8,818,1.830553041,2.5625,0.532292,321.875,0
81.9,819,1.830937546,2.5625,0.532292,321.875,0
82,820,1.831320857,2.5625,0.532292,321.875,0
82.1,821,1.83170291,2.5625,0.532292,321.875,0
82.2,822,1.832083733,2.5625,0.532292,321.875,0
82.3,823,1.83246327,2.5625,0.532292,321.875,0
82.4,824,1.832841548,2.5625,0.532292,321.875,0
82.5,825,1.833218495,2.5625,0.532292,321.875,0
82.6,826,1.833593499,2.5625,0.532292,321.875,0
82.7,827,1.833967128,2.5625,0.532292,321.875,0
82.8,828,1.834339774,2.5625,0.532292,321.875,0
82.9,829,1.834711483,2.5625,0.532292,321.875,0
83,830,1.835081575,2.5625,0.532292,321.875,0
83.1,831,1.835450452,2.5625,0.532292,321.875,0
83.2,832,1.835818829,2.5625,0.532292,321.875,0
83.3,833,1.836186238,2.5625,0.532292,321.875,0
83.4,834,1.836552549,2.5625,0.532292,321.875,0
83.5,835,1.836917554,2.5625,0.532292,321.875,0
83.6,836,1.837281252,2.5625,0.532292,321.875,0
83.7,837,1.837644088,2.5625,0.532292,321.875,0
83.8,838,1.838005889,2.5625,0.532292,321.875,0
83.9,839,1.838366791,2.5625,0.532292,321.875,0
84,840,1.838726572,2.5625,0.532292,321.875,0
84.1,841,1.839084966,2.5625,0.532292,321.875,0
84.2,842,1.839442221,2.5625,0.532292,321.875,0
84.3,843,1.839798411,2.5625,0.532292,321.875,0
84.4,844,1.840153294,2.5625,0.532292,321.875,0
84.5,845,1.840506665,2.5625,0.532292,321.875,0
84.6,846,1.840859292,2.5625,0.532292,321.875,0
84.7,847,1.841211107,2.5625,0.532292,321.875,0
84.8,848,1.841561745,2.5625,0.532292,321.875,0
84.9,849,1.841910897,2.5625,0.532292,321.875,0
85,850,1.842258765,2.5625,0.532292,321.875,0
85.1,851,1.842605725,2.5625,0.532292,321.875,0
85.2,852,1.842951434,2.5625,0.532292,321.875,0
85.3,853,1.843296024,2.5625,0.532292,321.875,0
85.4,854,1.843639676,2.5625,0.532292,321.875,0
85.5,855,1.843982293,2.5625,0.532292,321.875,0
85.6,856,1.844323699,2.5625,0.532292,321.875,0
85.7,857,1.844664055,2.5625,0.532292,321.875,0
85.8,858,1.845003454,2.5625,0.532292,321.875,0
85.9,859,1.845321437,2.5625,0.532292,321.875,0
86,860,1.845637172,2.5625,0.532292,321.875,0
86.1,861,1.845951621,2.5625,0.532292,321.875,0
86.2,862,1.846265154,2.5625,0.532292,321.875,0
86.3,863,1.846577905,2.5625,0.532292,321.875,0
86.4,864,1.846889653,2.5625,0.532292,321.875,0
86.5,865,1.847220208,2.5625,0.532292,321.875,0
86.6,866,1.847551147,2.5625,0.532292,321.875,0
86.7,867,1.84788129,2.5625,0.532292,321.875,0
86.8,868,1.848210477,2.5625,0.532292,321.875,0
86.9,869,1.848538624,2.5625,0.532292,321.875,0
87,870,1.84886545,2.5625,0.532292,321.875,0
87.1,871,1.849191172,2.5625,0.532292,321.875,0
87.2,872,1.849515971,2.5625,0.532292,321.875,0
87.3,873,1.849839834,2.5625,0.532292,321.875,0
87.4,874,1.850162768,2.5625,0.532292,321.875,0
87.5,875,1.850484461,2.5625,0.532292,321.875,0
87.6,876,1.850805123,2.5625,0.532292,321.875,0
87.7,877,1.851105558,2.5625,0.532292,321.875,0
87.8,878,1.851403735,2.5625,0.532292,321.875,0
87.9,879,1.851700864,2.5625,0.532292,321.875,0
88,880,1.852016359,2.5625,0.532292,321.875,0
88.1,881,1.852332318,2.5625,0.532292,321.875,0
88.2,882,1.852647732,2.5625,0.532292,321.875,0
88.3,883,1.85296208,2.5625,0.532292,321.875,0
88.4,884,1.853275434,2.5625,0.532292,321.875,0
88.5,885,1.853587713,2.5625,0.532292,321.875,0
88.6,886,1.8538989,2.5625,0.532292,321.875,0
88.7,887,1.854208997,2.5625,0.532292,321.875,0
88.8,888,1.854517842,2.5625,0.532292,321.875,0
88.9,889,1.854825688,2.5625,0.532292,321.875,0
89,890,1.855132541,2.5625,0.532292,321.875,0
89.1,891,1.855438494,2.5625,0.532292,321.875,0
89.2,892,1.85574362,2.5625,0.532292,321.875,0
89.3,893,1.856047651,2.5625,0.532292,321.875,0
89.4,894,1.85635033,2.5625,0.532292,321.875,0
89.5,895,1.856634261,2.5625,0.532292,321.875,0
89.6,896,1.856916121,2.5625,0.532292,321.875,0
89.7,897,1.857196862,2.5625,0.532292,321.875,0
89.8,898,1.857476681,2.5625,0.532292,321.875,0
89.9,899,1.857755604,2.5625,0.532292,321.875,0
90,900,1.858033851,2.5625,0.532292,321.875,0
90.1,901,1.85831122,2.5625,0.532292,321.875,0
90.2,902,1.858587926,2.5625,0.532292,321.875,0
90.3,903,1.858881607,2.5625,0.532292,321.875,0
90.4,904,1.859175429,2.5625,0.532292,321.875,0
90.5,905,1.859468392,2.5625,0.532292,321.875,0
90.6,906,1.85976049,2.5625,0.532292,321.875,0
90.7,907,1.860051898,2.5625,0.532292,321.875,0
90.8,908,1.860342306,2.5625,0.532292,321.875,0
90.9,909,1.860631768,2.5625,0.532292,321.875,0
91,910,1.860920424,2.5625,0.532292,321.875,0
91.1,911,1.861208244,2.5625,0.532292,321.875,0
91.2,912,1.861495289,2.5625,0.532292,321.875,0
91.3,913,1.861781503,2.5625,0.532292,321.875,0
91.4,914,1.862066718,2.5625,0.532292,321.875,0
91.5,915,1.86235097,2.5625,0.532292,321.875,0
91.6,916,1.862634186,2.5625,0.532292,321.875,0
91.7,917,1.862916493,2.5625,0.532292,321.875,0
91.8,918,1.863197836,2.5625,0.532292,321.875,0
91.9,919,1.863478485,2.5625,0.532292,321.875,0
92,920,1.863758372,2.5625,0.532292,321.875,0
92.1,921,1.864037307,2.5625,0.532292,321.875,0
92.2,922,1.864315444,2.5625,0.532292,321.875,0
92.3,923,1.864592652,2.5625,0.532292,321.875,0
92.4,924,1.864868991,2.5625,0.532292,321.875,0
92.5,925,1.865144666,2.5625,0.532292,321.875,0
92.6,926,1.86541912,2.5625,0.532292,321.875,0
92.7,927,1.865692796,2.5625,0.532292,321.875,0
92.8,928,1.865965732,2.5625,0.532292,321.875,0
92.9,929,1.866237972,2.5625,0.532292,321.875,0
93,930,1.866509489,2.5625,0.532292,321.875,0
93.1,931,1.866780135,2.5625,0.532292,321.875,0
93.2,932,1.867050026,2.5625,0.532292,321.875,0
93.3,933,1.86731893,2.5625,0.532292,321.875,0
93.4,934,1.867587089,2.5625,0.532292,321.875,0
93.5,935,1.867854409,2.5625,0.532292,321.875,0
93.6,936,1.868120782,2.5625,0.532292,321.875,0
93.7,937,1.868386054,2.5625,0.532292,321.875,0
93.8,938,1.868650392,2.5625,0.532292,321.875,0
93.9,939,1.8689136,2.5625,0.532292,321.875,0
94,940,1.869175963,2.5625,0.532292,321.875,0
94.1,941,1.869437497,2.5625,0.532292,321.875,0
94.2,942,1.869697985,2.5625,0.532292,321.875,0
94.3,943,1.869957523,2.5625,0.532292,321.875,0
94.4,944,1.870216227,2.5625,0.532292,321.875,0
94.5,945,1.870473873,2.5625,0.532292,321.875,0
94.6,946,1.870730703,2.5625,0.532292,321.875,0
94.7,947,1.870986851,2.5625,0.532292,321.875,0
94.8,948,1.871242066,2.5625,0.532292,321.875,0
94.9,949,1.87149642,2.5625,0.532292,321.875,0
95,950,1.871749979,2.5625,0.532292,321.875,0
95.1,951,1.872002715,2.5625,0.532292,321.875,0
95.2,952,1.872254761,2.5625,0.532292,321.875,0
95.3,953,1.872506121,2.5625,0.532292,321.875,0
95.4,954,1.872756553,2.5625,0.532292,321.875,0
95.5,955,1.873006269,2.5625,0.532292,321.875,0
95.6,956,1.873255516,2.5625,0.532292,321.875,0
95.7,957,1.873503921,2.5625,0.532292,321.875,0
95.8,958,1.873751476,2.5625,0.532292,321.875,0
95.9,959,1.873998272,2.5625,0.532292,321.875,0
96,960,1.874244449,2.5625,0.532292,321.875,0
96.1,961,1.874489829,2.5625,0.532292,321.875,0
96.2,962,1.874734261,2.5625,0.532292,321.875,0
96.3,963,1.874978044,2.5625,0.532292,321.875,0
96.4,964,1.875220956,2.5625,0.532292,321.875,0
96.5,965,1.875462879,2.5625,0.532292,321.875,0
96.6,966,1.875703954,2.5625,0.532292,321.875,0
96.7,967,1.87594431,2.5625,0.532292,321.875,0
96.8,968,1.876184111,2.5625,0.532292,321.875,0
96.9,969,1.876423061,2.5625,0.532292,321.875,0
97,970,1.876661125,2.5625,0.532292,321.875,0
97.1,971,1.876898737,2.5625,0.532292,321.875,0
97.2,972,1.877135662,2.5625,0.532292,321.875,0
97.3,973,1.877371688,2.5625,0.532292,321.875,0
97.4,974,1.877607032,2.5625,0.532292,321.875,0
97.5,975,1.877841746,2.5625,0.532292,321.875,0
97.6,976,1.878075623,2.5625,0.532292,321.875,0
97.7,977,1.878308989,2.5625,0.532292,321.875,0
97.8,978,1.878541473,2.5625,0.532292,321.875,0
97.9,979,1.878773172,2.5625,0.532292,321.875,0
98,980,1.879004129,2.5625,0.532292,321.875,0
98.1,981,1.87923447,2.5625,0.532292,321.875,0
98.2,982,1.879464002,2.5625,0.532292,321.875,0
98.3,983,1.879692903,2.5625,0.532292,321.875,0
98.4,984,1.879921117,2.5625,0.532292,321.875,0
98.5,985,1.880148638,2.5625,0.532292,321.875,0
98.6,986,1.880375683,2.5625,0.532292,321.875,0
98.7,987,1.880602003,2.5625,0.532292,321.875,0
98.8,988,1.880827553,2.5625,0.532292,321.875,0
98.9,989,1.881052361,2.5625,0.532292,321.875,0
99,990,1.881276602,2.5625,0.532292,321.875,0
99.1,991,1.881500203,2.5625,0.532292,321.875,0
99.2,992,1.881723022,2.5625,0.532292,321.875,0
99.3,993,1.88194512,2.5625,0.532292,321.875,0
99.4,994,1.882166535,2.5625,0.532292,321.875,0
99.5,995,1.882387182,2.5625,0.532292,321.875,0
99.6,996,1.882607055,2.5625,0.532292,321.875,0
99.7,997,1.882826156,2.5625,0.532292,321.875,0
99.8,998,1.883044426,2.5625,0.532292,321.875,0
99.9,999,1.883261985,2.5625,0.532292,321.875,0
100,1000,1.883478793,2.5625,0.532292,321.875,0
100.1,1001,1.883695016,2.5625,0.532292,321.875,0
100.2,1002,1.883910705,2.5625,0.532292,321.875,0
100.3,1003,1.884125703,2.5625,0.532292,321.875,0
100.4,1004,1.884339982,2.5625,0.532292,321.875,0
100.5,1005,1.884540805,2.5625,0.532292,321.875,0
100.6,1006,1.884740106,2.5625,0.532292,321.875,0
100.7,1007,1.884938635,2.5625,0.532292,321.875,0
100.8,1008,1.885136645,2.5625,0.532292,321.875,0
100.9,1009,1.885334028,2.5625,0.532292,321.875,0
101,1010,1.885530785,2.5625,0.532292,321.875,0
101.1,1011,1.885726832,2.5625,0.532292,321.875,0
101.2,1012,1.885922303,2.5625,0.532292,321.875,0
101.3,1013,1.886129646,2.5625,0.532292,321.875,0
101.4,1014,1.886337133,2.5625,0.532292,321.875,0
101.5,1015,1.886544228,2.5625,0.532292,321.875,0
101.6,1016,1.886750664,2.5625,0.532292,321.875,0
101.7,1017,1.886956541,2.5625,0.532292,321.875,0
101.8,1018,1.887161797,2.5625,0.532292,321.875,0
101.9,1019,1.88736642,2.5625,0.532292,321.875,0
102,1020,1.88755813,2.5625,0.532292,321.875,0
102.1,1021,1.887748391,2.5625,0.532292,321.875,0
102.2,1022,1.887937916,2.5625,0.532292,321.875,0
102.3,1023,1.888138887,2.5625,0.532292,321.875,0
102.4,1024,1.88834006,2.5625,0.532292,321.875,0
102.5,1025,1.8885406,2.5625,0.532292,321.875,0
102.6,1026,1.888728769,2.5625,0.532292,321.875,0
102.7,1027,1.88891559,2.5625,0.532292,321.875,0
102.8,1028,1.889101738,2.5625,0.532292,321.875,0
102.9,1029,1.889287378,2.5625,0.532292,321.875,0
103,1030,1.889484177,2.5625,0.532292,321.875,0
103.1,1031,1.88968125,2.5625,0.532292,321.875,0
103.2,1032,1.889877907,2.5625,0.532292,321.875,0
103.3,1033,1.890073896,2.5625,0.532292,321.875,0
103.4,1034,1.890269313,2.5625,0.532292,321.875,0
103.5,1035,1.890464093,2.5625,0.532292,321.875,0
103.6,1036,1.890658168,2.5625,0.532292,321.875,0
103.7,1037,1.890851584,2.5625,0.532292,321.875,0
103.8,1038,1.891044496,2.5625,0.532292,321.875,0
103.9,1039,1.891236755,2.5625,0.532292,321.875,0
104,1040,1.891428464,2.5625,0.532292,321.875,0
104.1,1041,1.891619573,2.5625,0.532292,321.875,0
104.2,1042,1.891810105,2.5625,0.532292,321.875,0
104.3,1043,1.892000027,2.5625,0.532292,321.875,0
104.4,1044,1.892189411,2.5625,0.532292,321.875,0
104.5,1045,1.892378262,2.5625,0.532292,321.875,0
104.6,1046,1.89256651,2.5625,0.532292,321.875,0
104.7,1047,1.892754163,2.5625,0.532292,321.875,0
104.8,1048,1.892941002,2.5625,0.532292,321.875,0
104.9,1049,1.893127208,2.5625,0.532292,321.875,0
105,1050,1.893312879,2.5625,0.532292,321.875,0
105.1,1051,1.893498043,2.5625,0.532292,321.875,0
105.2,1052,1.893682576,2.5625,0.532292,321.875,0
105.3,1053,1.893866487,2.5625,0.532292,321.875,0
105.4,1054,1.894049785,2.5625,0.532292,321.875,0
105.5,1055,1.894232599,2.5625,0.532292,321.875,0
105.6,1056,1.894414875,2.5625,0.532292,321.875,0
105.7,1057,1.894596732,2.5625,0.532292,321.875,0
105.8,1058,1.894778016,2.5625,0.532292,321.875,0
105.9,1059,1.894958791,2.5625,0.532292,321.875,0
106,1060,1.895139052,2.5625,0.532292,321.875,0
106.1,1061,1.895318634,2.5625,0.532292,321.875,0
106.2,1062,1.895497754,2.5625,0.532292,321.875,0
106.3,1063,1.895676535,2.5625,0.532292,321.875,0
106.4,1064,1.895854717,2.5625,0.532292,321.875,0
106.5,1065,1.896032144,2.5625,0.532292,321.875,0
106.6,1066,1.896208991,2.5625,0.532292,321.875,0
106.7,1067,1.89638528,2.5625,0.532292,321.875,0
106.8,1068,1.896560994,2.5625,0.532292,321.875,0
106.9,1069,1.896735988,2.5625,0.532292,321.875,0
107,1070,1.896910454,2.5625,0.532292,321.875,0
107.1,1071,1.897084367,2.5625,0.532292,321.875,0
107.2,1072,1.897257701,2.5625,0.532292,321.875,0
107.3,1073,1.897430459,2.5625,0.532292,321.875,0
107.4,1074,1.897602701,2.5625,0.532292,321.875,0
107.5,1075,1.897764148,2.5625,0.532292,321.875,0
107.6,1076,1.897924426,2.5625,0.532292,321.875,0
107.7,1077,1.898084098,2.5625,0.532292,321.875,0
107.8,1078,1.89825314,2.5625,0.532292,321.875,0
107.9,1079,1.898422334,2.5625,0.532292,321.875,0
108,1080,1.898591066,2.5625,0.532292,321.875,0
108.1,1081,1.898759592,2.5625,0.532292,321.875,0
108.2,1082,1.898927633,2.5625,0.532292,321.875,0
108.3,1083,1.899094948,2.5625,0.532292,321.875,0
108.4,1084,1.899261744,2.5625,0.532292,321.875,0
108.5,1085,1.899428037,2.5625,0.532292,321.875,0
108.6,1086,1.899593884,2.5625,0.532292,321.875,0
108.7,1087,1.899759211,2.5625,0.532292,321.875,0
108.8,1088,1.899923928,2.5625,0.532292,321.875,0
108.9,1089,1.900078554,2.5625,0.532292,321.875,0
109,1090,1.900232025,2.5625,0.532292,321.875,0
109.1,1091,1.900384954,2.5625,0.532292,321.875,0
109.2,1092,1.90054683,2.5625,0.532292,321.875,0
109.3,1093,1.900708861,2.5625,0.532292,321.875,0
109.4,1094,1.900870497,2.5625,0.532292,321.875,0
109.5,1095,1.901031671,2.5625,0.532292,321.875,0
109.6,1096,1.901192277,2.5625,0.532292,321.875,0
109.7,1097,1.901352476,2.5625,0.532292,321.875,0
109.8,1098,1.901502911,2.5625,0.532292,321.875,0
109.9,1099,1.90165224,2.5625,0.532292,321.875,0
110,1100,1.901801047,2.5625,0.532292,321.875,0
110.1,1101,1.901949393,2.5625,0.532292,321.875,0
110.2,1102,1.902097318,2.5625,0.532292,321.875,0
110.3,1103,1.902254002,2.5625,0.532292,321.875,0
110.4,1104,1.902410867,2.5625,0.532292,321.875,0
110.5,1105,1.902567194,2.5625,0.532292,321.875,0
110.6,1106,1.902723231,2.5625,0.532292,321.875,0
110.7,1107,1.902878874,2.5625,0.532292,321.875,0
110.8,1108,1.903034046,2.5625,0.532292,321.875,0
110.9,1109,1.90318875,2.5625,0.532292,321.875,0
111,1110,1.903342842,2.5625,0.532292,321.875,0
111.1,1111,1.903496295,2.5625,0.532292,321.875,0
111.2,1112,1.903649256,2.5625,0.532292,321.875,0
111.3,1113,1.903801694,2.5625,0.532292,321.875,0
111.4,1114,1.903953719,2.5625,0.532292,321.875,0
111.5,1115,1.904105228,2.5625,0.532292,321.875,0
111.6,1116,1.904256239,2.5625,0.532292,321.875,0
111.7,1117,1.904406785,2.5625,0.532292,321.875,0
111.8,1118,1.904548341,2.5625,0.532292,321.875,0
111.9,1119,1.904688864,2.5625,0.532292,321.875,0
112,1120,1.904828839,2.5625,0.532292,321.875,0
112.1,1121,1.904968412,2.5625,0.532292,321.875,0
112.2,1122,1.90510757,2.5625,0.532292,321.875,0
112.3,1123,1.90524631,2.5625,0.532292,321.875,0
112.4,1124,1.905384602,2.5625,0.532292,321.875,0
112.5,1125,1.905522506,2.5625,0.532292,321.875,0
112.6,1126,1.905660034,2.5625,0.532292,321.875,0
112.7,1127,1.905797225,2.5625,0.532292,321.875,0
112.8,1128,1.905934025,2.5625,0.532292,321.875,0
112.9,1129,1.906070402,2.5625,0.532292,321.875,0
113,1130,1.906206403,2.5625,0.532292,321.875,0
113.1,1131,1.906341971,2.5625,0.532292,321.875,0
113.2,1132,1.906477126,2.5625,0.532292,321.875,0
113.3,1133,1.906620188,2.5625,0.532292,321.875,0
113.4,1134,1.90676341,2.5625,0.532292,321.875,0
113.5,1135,1.906906293,2.5625,0.532292,321.875,0
113.6,1136,1.907048797,2.5625,0.532292,321.875,0
113.7,1137,1.907190869,2.5625,0.532292,321.875,0
113.8,1138,1.907332441,2.5625,0.532292,321.875,0
113.9,1139,1.907473551,2.5625,0.532292,321.875,0
114,1140,1.907614188,2.5625,0.532292,321.875,0
114.1,1141,1.907754418,2.5625,0.532292,321.875,0
114.2,1142,1.907894262,2.5625,0.532292,321.875,0
114.3,1143,1.90803372,2.5625,0.532292,321.875,0
114.4,1144,1.908172772,2.5625,0.532292,321.875,0
114.5,1145,1.90831131,2.5625,0.532292,321.875,0
114.6,1146,1.908449462,2.5625,0.532292,321.875,0
114.7,1147,1.908587282,2.5625,0.532292,321.875,0
114.8,1148,1.908724691,2.5625,0.532292,321.875,0
114.9,1149,1.908861589,2.5625,0.532292,321.875,0
115,1150,1.908990176,2.5625,0.532292,321.875,0
115.1,1151,1.909117829,2.5625,0.532292,321.875,0
115.2,1152,1.909252732,2.5625,0.532292,321.875,0
115.3,1153,1.909387774,2.5625,0.532292,321.875,0
115.4,1154,1.909522603,2.5625,0.532292,321.875,0
115.5,1155,1.909657127,2.5625,0.532292,321.875,0
115.6,1156,1.90979124,2.5625,0.532292,321.875,0
115.7,1157,1.909925038,2.5625,0.532292,321.875,0
115.8,1158,1.910058381,2.5625,0.532292,321.875,0
115.9,1159,1.9101913,2.5625,0.532292,321.875,0
116,1160,1.910323759,2.5625,0.532292,321.875,0
116.1,1161,1.910455959,2.5625,0.532292,321.875,0
116.2,1162,1.910587809,2.5625,0.532292,321.875,0
116.3,1163,1.910719168,2.5625,0.532292,321.875,0
116.4,1164,1.910850133,2.5625,0.532292,321.875,0
116.5,1165,1.910980698,2.5625,0.532292,321.875,0
116.6,1166,1.911110837,2.5625,0.532292,321.875,0
116.7,1167,1.911240406,2.5625,0.532292,321.875,0
116.8,1168,1.911369697,2.5625,0.532292,321.875,0
116.9,1169,1.911498588,2.5625,0.532292,321.875,0
117,1170,1.911627056,2.5625,0.532292,321.875,0
117.1,1171,1.911755069,2.5625,0.532292,321.875,0
117.2,1172,1.911882583,2.5625,0.532292,321.875,0
117.3,1173,1.912009686,2.5625,0.532292,321.875,0
117.4,1174,1.912136383,2.5625,0.532292,321.875,0
117.5,1175,1.912262643,2.5625,0.532292,321.875,0
117.6,1176,1.912388481,2.5625,0.532292,321.875,0
117.7,1177,1.91251395,2.5625,0.532292,321.875,0
117.8,1178,1.912639085,2.5625,0.532292,321.875,0
117.9,1179,1.912763796,2.5625,0.532292,321.875,0
118,1180,1.912888125,2.5625,0.532292,321.875,0
118.1,1181,1.913012155,2.5625,0.532292,321.875,0
118.2,1182,1.913135757,2.5625,0.532292,321.875,0
118.3,1183,1.913258983,2.5625,0.532292,321.875,0
118.4,1184,1.91338182,2.5625,0.532292,321.875,0
118.5,1185,1.913504315,2.5625,0.532292,321.875,0
118.6,1186,1.913626475,2.5625,0.532292,321.875,0
118.7,1187,1.91374829,2.5625,0.532292,321.875,0
118.8,1188,1.913869708,2.5625,0.532292,321.875,0
118.9,1189,1.913990788,2.5625,0.532292,321.875,0
119,1190,1.914111468,2.5625,0.532292,321.875,0
119.1,1191,1.914231739,2.5625,0.532292,321.875,0
119.2,1192,1.914351623,2.5625,0.532292,321.875,0
119.3,1193,1.91447106,2.5625,0.532292,321.875,0
119.4,1194,1.914590117,2.5625,0.532292,321.875,0
119.5,1195,1.914708855,2.5625,0.532292,321.875,0
119.6,1196,1.91482722,2.5625,0.532292,321.875,0
119.7,1197,1.914945302,2.5625,0.532292,321.875,0
119.8,1198,1.915063037,2.5625,0.532292,321.875,0
119.9,1199,1.915180411,2.5625,0.532292,321.875,0
120,1200,1.915297441,2.5625,0.532292,321.875,0
120.1,1201,1.915414169,2.5625,0.532292,321.875,0
120.2,1202,1.915530434,2.5625,0.532292,321.875,0
120.3,1203,1.915646475,2.5625,0.532292,321.875,0
120.4,1204,1.91576222,2.5625,0.532292,321.875,0
120.5,1205,1.915877562,2.5625,0.532292,321.875,0
120.6,1206,1.915992464,2.5625,0.532292,321.875,0
120.7,1207,1.916107019,2.5625,0.532292,321.875,0
120.8,1208,1.916221161,2.5625,0.532292,321.875,0
120.9,1209,1.916334859,2.5625,0.532292,321.875,0
121,1210,1.916448255,2.5625,0.532292,321.875,0
121.1,1211,1.916561281,2.5625,0.532292,321.875,0
121.2,1212,1.916674036,2.5625,0.532292,321.875,0
121.3,1213,1.916786468,2.5625,0.532292,321.875,0
121.4,1214,1.916898591,2.5625,0.532292,321.875,0
121.5,1215,1.917010351,2.5625,0.532292,321.875,0
121.6,1216,1.917115496,2.5625,0.532292,321.875,0
121.7,1217,1.917219842,2.5625,0.532292,321.875,0
121.8,1218,1.917323763,2.5625,0.532292,321.875,0
121.9,1219,1.917427314,2.5625,0.532292,321.875,0
122,1220,1.917530553,2.5625,0.532292,321.875,0
122.1,1221,1.917633447,2.5625,0.532292,321.875,0
122.2,1222,1.917736032,2.5625,0.532292,321.875,0
122.3,1223,1.917844541,2.5625,0.532292,321.875,0
122.4,1224,1.91795323,2.5625,0.532292,321.875,0
122.5,1225,1.91806174,2.5625,0.532292,321.875,0
122.6,1226,1.918170039,2.5625,0.532292,321.875,0
122.7,1227,1.91827805,2.5625,0.532292,321.875,0
122.8,1228,1.918385668,2.5625,0.532292,321.875,0
122.9,1229,1.918493006,2.5625,0.532292,321.875,0
123,1230,1.918599997,2.5625,0.532292,321.875,0
123.1,1231,1.91870663,2.5625,0.532292,321.875,0
123.2,1232,1.918812887,2.5625,0.532292,321.875,0
123.3,1233,1.918918862,2.5625,0.532292,321.875,0
123.4,1234,1.919024449,2.5625,0.532292,321.875,0
123.5,1235,1.919129723,2.5625,0.532292,321.875,0
123.6,1236,1.919234607,2.5625,0.532292,321.875,0
123.7,1237,1.919339134,2.5625,0.532292,321.875,0
123.8,1238,1.919443403,2.5625,0.532292,321.875,0
123.9,1239,1.919547402,2.5625,0.532292,321.875,0
124,1240,1.919651172,2.5625,0.532292,321.875,0
124.1,1241,1.919754531,2.5625,0.532292,321.875,0
124.2,1242,1.919857643,2.5625,0.532292,321.875,0
124.3,1243,1.919960479,2.5625,0.532292,321.875,0
124.4,1244,1.920063015,2.5625,0.532292,321.875,0
124.5,1245,1.920165191,2.5625,0.532292,321.875,0
124.6,1246,1.920267051,2.5625,0.532292,321.875,0
124.7,1247,1.920368634,2.5625,0.532292,321.875,0
124.8,1248,1.92046997,2.5625,0.532292,321.875,0
124.9,1249,1.920571108,2.5625,0.532292,321.875,0
125,1250,1.920671935,2.5625,0.532292,321.875,0
125.1,1251,1.920772496,2.5625,0.532292,321.875,0
125.2,1252,1.920872749,2.5625,0.532292,321.875,0
125.3,1253,1.920972527,2.5625,0.532292,321.875,0
125.4,1254,1.921072025,2.5625,0.532292,321.875,0
125.5,1255,1.921171293,2.5625,0.532292,321.875,0
125.6,1256,1.921270263,2.5625,0.532292,321.875,0
125.7,1257,1.921368987,2.5625,0.532292,321.875,0
125.8,1258,1.921467392,2.5625,0.532292,321.875,0
125.9,1259,1.921565507,2.5625,0.532292,321.875,0
126,1260,1.921663251,2.5625,0.532292,321.875,0
126.1,1261,1.921760631,2.5625,0.532292,321.875,0
126.2,1262,1.921857747,2.5625,0.532292,321.875,0
126.3,1263,1.921954589,2.5625,0.532292,321.875,0
126.4,1264,1.922050969,2.5625,0.532292,321.875,0
126.5,1265,1.922147047,2.5625,0.532292,321.875,0
126.6,1266,1.922242836,2.5625,0.532292,321.875,0
126.7,1267,1.922338524,2.5625,0.532292,321.875,0
126.8,1268,1.922433967,2.5625,0.532292,321.875,0
126.9,1269,1.922528947,2.5625,0.532292,321.875,0
127,1270,1.922623579,2.5625,0.532292,321.875,0
127.1,1271,1.922717953,2.5625,0.532292,321.875,0
127.2,1272,1.922806827,2.5625,0.532292,321.875,0
127.3,1273,1.922895039,2.5625,0.532292,321.875,0
127.4,1274,1.922988294,2.5625,0.532292,321.875,0
127.5,1275,1.923081641,2.5625,0.532292,321.875,0
127.6,1276,1.923174756,2.5625,0.532292,321.875,0
127.7,1277,1.923267693,2.5625,0.532292,321.875,0
127.8,1278,1.923355025,2.5625,0.532292,321.875,0
127.9,1279,1.923441677,2.5625,0.532292,321.875,0
128,1280,1.923533324,2.5625,0.532292,321.875,0
128.1,1281,1.923625,2.5625,0.532292,321.875,0
128.2,1282,1.92371636,2.5625,0.532292,321.875,0
128.3,1283,1.92380754,2.5625,0.532292,321.875,0
128.4,1284,1.923898405,2.5625,0.532292,321.875,0
128.5,1285,1.92398902,2.5625,0.532292,321.875,0
128.6,1286,1.924079314,2.5625,0.532292,321.875,0
128.7,1287,1.924169397,2.5625,0.532292,321.875,0
128.8,1288,1.924259255,2.5625,0.532292,321.875,0
128.9,1289,1.924348824,2.5625,0.532292,321.875,0
129,1290,1.924438066,2.5625,0.532292,321.875,0
129.1,1291,1.924527032,2.5625,0.532292,321.875,0
129.2,1292,1.924615717,2.5625,0.532292,321.875,0
129.3,1293,1.92470411,2.5625,0.532292,321.875,0
129.4,1294,1.924792223,2.5625,0.532292,321.875,0
129.5,1295,1.924880075,2.5625,0.532292,321.875,0
129.6,1296,1.924967667,2.5625,0.532292,321.875,0
129.7,1297,1.925054969,2.5625,0.532292,321.875,0
129.8,1298,1.925142057,2.5625,0.532292,321.875,0
129.9,1299,1.925228918,2.5625,0.532292,321.875,0
130,1300,1.925315486,2.5625,0.532292,321.875,0
130.1,1301,1.925401817,2.5625,0.532292,321.875,0
130.2,1302,1.925487989,2.5625,0.532292,321.875,0
130.3,1303,1.925573877,2.5625,0.532292,321.875,0
130.4,1304,1.925659537,2.5625,0.532292,321.875,0
130.5,1305,1.925744973,2.5625,0.532292,321.875,0
130.6,1306,1.925830111,2.5625,0.532292,321.875,0
130.7,1307,1.925914921,2.5625,0.532292,321.875,0
130.8,1308,1.925999461,2.5625,0.532292,321.875,0
130.9,1309,1.926083785,2.5625,0.532292,321.875,0
131,1310,1.926167721,2.5625,0.532292,321.875,0
131.1,1311,1.926251379,2.5625,0.532292,321.875,0
131.2,1312,1.926334786,2.5625,0.532292,321.875,0
131.3,1313,1.926418087,2.5625,0.532292,321.875,0
131.4,1314,1.926501116,2.5625,0.532292,321.875,0
131.5,1315,1.92658387,2.5625,0.532292,321.875,0
131.6,1316,1.926661718,2.5625,0.532292,321.875,0
131.7,1317,1.926739005,2.5625,0.532292,321.875,0
131.8,1318,1.926816023,2.5625,0.532292,321.875,0
131.9,1319,1.926892797,2.5625,0.532292,321.875,0
132,1320,1.926969365,2.5625,0.532292,321.875,0
132.1,1321,1.927045695,2.5625,0.532292,321.875,0
132.2,1322,1.927121789,2.5625,0.532292,321.875,0
132.3,1323,1.927202192,2.5625,0.532292,321.875,0
132.4,1324,1.927282787,2.5625,0.532292,321.875,0
132.5,1325,1.927363204,2.5625,0.532292,321.875,0
132.6,1326,1.927438852,2.5625,0.532292,321.875,0
132.7,1327,1.92751391,2.5625,0.532292,321.875,0
132.8,1328,1.927588732,2.5625,0.532292,321.875,0
132.9,1329,1.927663312,2.5625,0.532292,321.875,0
133,1330,1.927737699,2.5625,0.532292,321.875,0
133.1,1331,1.927816304,2.5625,0.532292,321.875,0
133.2,1332,1.927894954,2.5625,0.532292,321.875,0
133.3,1333,1.927973484,2.5625,0.532292,321.875,0
133.4,1334,1.928051854,2.5625,0.532292,321.875,0
133.5,1335,1.928129978,2.5625,0.532292,321.875,0
133.6,1336,1.928207892,2.5625,0.532292,321.875,0
133.7,1337,1.928285525,2.5625,0.532292,321.875,0
133.8,1338,1.928362918,2.5625,0.532292,321.875,0
133.9,1339,1.928440074,2.5625,0.532292,321.875,0
134,1340,1.928517025,2.5625,0.532292,321.875,0
134.1,1341,1.928593699,2.5625,0.532292,321.875,0
134.2,1342,1.9286702,2.5625,0.532292,321.875,0
134.3,1343,1.928746418,2.5625,0.532292,321.875,0
134.4,1344,1.928822402,2.5625,0.532292,321.875,0
134.5,1345,1.92889827,2.5625,0.532292,321.875,0
134.6,1346,1.928973944,2.5625,0.532292,321.875,0
134.7,1347,1.929049336,2.5625,0.532292,321.875,0
134.8,1348,1.929124459,2.5625,0.532292,321.875,0
134.9,1349,1.929199398,2.5625,0.532292,321.875,0
135,1350,1.929274064,2.5625,0.532292,321.875,0
135.1,1351,1.929348472,2.5625,0.532292,321.875,0
135.2,1352,1.929422689,2.5625,0.532292,321.875,0
135.3,1353,1.929496692,2.5625,0.532292,321.875,0
135.4,1354,1.929570439,2.5625,0.532292,321.875,0
135.5,1355,1.929644,2.5625,0.532292,321.875,0
135.6,1356,1.929717359,2.5625,0.532292,321.875,0
135.7,1357,1.929790547,2.5625,0.532292,321.875,0
135.8,1358,1.929863536,2.5625,0.532292,321.875,0
135.9,1359,1.929936332,2.5625,0.532292,321.875,0
136,1360,1.930008987,2.5625,0.532292,321.875,0
136.1,1361,1.930081425,2.5625,0.532292,321.875,0
136.2,1362,1.930153643,2.5625,0.532292,321.875,0
136.3,1363,1.930225623,2.5625,0.532292,321.875,0
136.4,1364,1.930297344,2.5625,0.532292,321.875,0
136.5,1365,1.93036884,2.5625,0.532292,321.875,0
136.6,1366,1.930440141,2.5625,0.532292,321.875,0
136.7,1367,1.930511261,2.5625,0.532292,321.875,0
136.8,1368,1.930582096,2.5625,0.532292,321.875,0
136.9,1369,1.930652677,2.5625,0.532292,321.875,0
137,1370,1.930723046,2.5625,0.532292,321.875,0
137.1,1371,1.930793221,2.5625,0.532292,321.875,0
137.2,1372,1.930863161,2.5625,0.532292,321.875,0
137.3,1373,1.930932909,2.5625,0.532292,321.875,0
137.4,1374,1.931002502,2.5625,0.532292,321.875,0
137.5,1375,1.93107187,2.5625,0.532292,321.875,0
137.6,1376,1.931141031,2.5625,0.532292,321.875,0
137.7,1377,1.931210023,2.5625,0.532292,321.875,0
137.8,1378,1.931278807,2.5625,0.532292,321.875,0
137.9,1379,1.931347384,2.5625,0.532292,321.875,0
138,1380,1.931415734,2.5625,0.532292,321.875,0
138.1,1381,1.931483872,2.5625,0.532292,321.875,0
138.2,1382,1.931551802,2.5625,0.532292,321.875,0
138.3,1383,1.931619554,2.5625,0.532292,321.875,0
138.4,1384,1.9316871,2.5625,0.532292,321.875,0
138.5,1385,1.931754476,2.5625,0.532292,321.875,0
138.6,1386,1.931821661,2.5625,0.532292,321.875,0
138.7,1387,1.931888656,2.5625,0.532292,321.875,0
138.8,1388,1.931955459,2.5625,0.532292,321.875,0
138.9,1389,1.932022057,2.5625,0.532292,321.875,0
139,1390,1.932088465,2.5625,0.532292,321.875,0
139.1,1391,1.932154657,2.5625,0.532292,321.875,0
139.2,1392,1.932220681,2.5625,0.532292,321.875,0
139.3,1393,1.932286515,2.5625,0.532292,321.875,0
139.4,1394,1.932352167,2.5625,0.532292,321.875,0
139.5,1395,1.932417589,2.5625,0.532292,321.875,0
139.6,1396,1.932482771,2.5625,0.532292,321.875,0
139.7,1397,1.932547784,2.5625,0.532292,321.875,0
139.8,1398,1.932612583,2.5625,0.532292,321.875,0
139.9,1399,1.932677144,2.5625,0.532292,321.875,0
140,1400,1.932741545,2.5625,0.532292,321.875,0
140.1,1401,1.932805869,2.5625,0.532292,321.875,0
140.2,1402,1.932869997,2.5625,0.532292,321.875,0
140.3,1403,1.932933935,2.5625,0.532292,321.875,0
140.4,1404,1.932997677,2.5625,0.532292,321.875,0
140.5,1405,1.933061238,2.5625,0.532292,321.875,0
140.6,1406,1.933124624,2.5625,0.532292,321.875,0
140.7,1407,1.933187891,2.5625,0.532292,321.875,0
140.8,1408,1.933250934,2.5625,0.532292,321.875,0
140.9,1409,1.933313825,2.5625,0.532292,321.875,0
141,1410,1.933376529,2.5625,0.532292,321.875,0
141.1,1411,1.933439012,2.5625,0.532292,321.875,0
141.2,1412,1.933501314,2.5625,0.532292,321.875,0
141.3,1413,1.933560034,2.5625,0.532292,321.875,0
141.4,1414,1.933621826,2.5625,0.532292,321.875,0
141.5,1415,1.933683625,2.5625,0.532292,321.875,0
141.6,1416,1.933745225,2.5625,0.532292,321.875,0
141.7,1417,1.933806641,2.5625,0.532292,321.875,0
141.8,1418,1.933867901,2.5625,0.532292,321.875,0
141.9,1419,1.933928964,2.5625,0.532292,321.875,0
142,1420,1.933989808,2.5625,0.532292,321.875,0
142.1,1421,1.934050458,2.5625,0.532292,321.875,0
142.2,1422,1.934110947,2.5625,0.532292,321.875,0
142.3,1423,1.934168014,2.5625,0.532292,321.875,0
142.4,1424,1.93422468,2.5625,0.532292,321.875,0
142.5,1425,1.934281167,2.5625,0.532292,321.875,0
142.6,1426,1.934337461,2.5625,0.532292,321.875,0
142.7,1427,1.934393606,2.5625,0.532292,321.875,0
142.8,1428,1.934449592,2.5625,0.532292,321.875,0
142.9,1429,1.934505447,2.5625,0.532292,321.875,0
143,1430,1.934561158,2.5625,0.532292,321.875,0
143.1,1431,1.934616748,2.5625,0.532292,321.875,0
143.2,1432,1.934675378,2.5625,0.532292,321.875,0
143.3,1433,1.934734111,2.5625,0.532292,321.875,0
143.4,1434,1.93479266,2.5625,0.532292,321.875,0
143.5,1435,1.934851061,2.5625,0.532292,321.875,0
143.6,1436,1.934909311,2.5625,0.532292,321.875,0
143.7,1437,1.934967365,2.5625,0.532292,321.875,0
143.8,1438,1.935025251,2.5625,0.532292,321.875,0
143.9,1439,1.935082939,2.5625,0.532292,321.875,0
144,1440,1.935140416,2.5625,0.532292,321.875,0
144.1,1441,1.935197697,2.5625,0.532292,321.875,0
144.2,1442,1.935254815,2.5625,0.532292,321.875,0
144.3,1443,1.93531178,2.5625,0.532292,321.875,0
144.4,1444,1.935368557,2.5625,0.532292,321.875,0
144.5,1445,1.935425176,2.5625,0.532292,321.875,0
144.6,1446,1.935481654,2.5625,0.532292,321.875,0
144.7,1447,1.935537987,2.5625,0.532292,321.875,0
144.8,1448,1.935594145,2.5625,0.532292,321.875,0
144.9,1449,1.935650106,2.5625,0.532292,321.875,0
145,1450,1.935705916,2.5625,0.532292,321.875,0
145.1,1451,1.935761578,2.5625,0.532292,321.875,0
145.2,1452,1.935817094,2.5625,0.532292,321.875,0
145.3,1453,1.935872416,2.5625,0.532292,321.875,0
145.4,1454,1.935924696,2.5625,0.532292,321.875,0
145.5,1455,1.93597657,2.5625,0.532292,321.875,0
145.6,1456,1.936028299,2.5625,0.532292,321.875,0
145.7,1457,1.93607986,2.5625,0.532292,321.875,0
145.8,1458,1.936134312,2.5625,0.532292,321.875,0
145.9,1459,1.936188771,2.5625,0.532292,321.875,0
146,1460,1.936243061,2.5625,0.532292,321.875,0
146.1,1461,1.93629717,2.5625,0.532292,321.875,0
146.2,1462,1.936351119,2.5625,0.532292,321.875,0
146.3,1463,1.936404942,2.5625,0.532292,321.875,0
146.4,1464,1.93645864,2.5625,0.532292,321.875,0
146.5,1465,1.936512189,2.5625,0.532292,321.875,0
146.6,1466,1.936565587,2.5625,0.532292,321.875,0
146.7,1467,1.936618894,2.5625,0.532292,321.875,0
146.8,1468,1.936672057,2.5625,0.532292,321.875,0
146.9,1469,1.936725174,2.5625,0.532292,321.875,0
147,1470,1.936778144,2.5625,0.532292,321.875,0
147.1,1471,1.936830949,2.5625,0.532292,321.875,0
147.2,1472,1.936883605,2.5625,0.532292,321.875,0
147.3,1473,1.936936093,2.5625,0.532292,321.875,0
147.4,1474,1.936988406,2.5625,0.532292,321.875,0
147.5,1475,1.937040589,2.5625,0.532292,321.875,0
147.6,1476,1.937092592,2.5625,0.532292,321.875,0
147.7,1477,1.937144459,2.5625,0.532292,321.875,0
147.8,1478,1.937196206,2.5625,0.532292,321.875,0
147.9,1479,1.937247765,2.5625,0.532292,321.875,0
148,1480,1.937299126,2.5625,0.532292,321.875,0
148.1,1481,1.937350349,2.5625,0.532292,321.875,0
148.2,1482,1.937401425,2.5625,0.532292,321.875,0
148.3,1483,1.937452386,2.5625,0.532292,321.875,0
148.4,1484,1.937503192,2.5625,0.532292,321.875,0
148.5,1485,1.937553826,2.5625,0.532292,321.875,0
148.6,1486,1.937604373,2.5625,0.532292,321.875,0
148.7,1487,1.937654767,2.5625,0.532292,321.875,0
148.8,1488,1.93770506,2.5625,0.532292,321.875,0
148.9,1489,1.937755227,2.5625,0.532292,321.875,0
149,1490,1.937805262,2.5625,0.532292,321.875,0
149.1,1491,1.93785516,2.5625,0.532292,321.875,0
149.2,1492,1.937902142,2.5625,0.532292,321.875,0
149.3,1493,1.937948803,2.5625,0.532292,321.875,0
149.4,1494,1.937995325,2.5625,0.532292,321.875,0
149.5,1495,1.938041686,2.5625,0.532292,321.875,0
149.6,1496,1.938087916,2.5625,0.532292,321.875,0
149.7,1497,1.938134015,2.5625,0.532292,321.875,0
149.8,1498,1.938179997,2.5625,0.532292,321.875,0
149.9,1499,1.938225851,2.5625,0.532292,321.875,0
150,1500,1.938271601,2.5625,0.532292,321.875,0
